{"train loss": 0.015637384727597237, "valid loss": 0.03373783826828003, "_timestamp": 1712605854.8111782, "_runtime": 10623.492663145065, "_step": 20}