{"train loss": 0.0221482515335083, "valid loss": 0.09730659425258636, "_timestamp": 1712267860.8498483, "_runtime": 2093.533233165741, "_step": 20, "_wandb": {"runtime": 2155}}