{"train loss": 0.023669706657528877, "valid loss": 0.09511448442935944, "_timestamp": 1712314947.830841, "_runtime": 7351.6160089969635, "_step": 19, "_wandb": {"runtime": 7428}}