{"train loss": 0.0026305050123482943, "valid loss": 0.014409924857318401, "_timestamp": 1712095329.1692352, "_runtime": 531.6391792297363, "_step": 8}