{"train loss": 0.0069849188439548016, "valid loss": 0.018331201747059822, "_timestamp": 1712094977.7668755, "_runtime": 180.23681950569153, "_step": 2}