{"train loss": 0.006592536810785532, "valid loss": 0.10823072493076324, "_timestamp": 1712150950.3618321, "_runtime": 119.58206820487976, "_step": 0}