{"train loss": 0.0012778091477230191, "valid loss": 0.07748059928417206, "_timestamp": 1711748091.869058, "_runtime": 535.4769539833069, "_step": 24}