{"train loss": 0.0014659520238637924, "valid loss": 0.022022783756256104, "_timestamp": 1712443608.2223847, "_runtime": 7972.005492687225, "_step": 10}