{"train loss": 0.023652473464608192, "valid loss": 0.09598512947559357, "_timestamp": 1712275106.9001508, "_runtime": 5785.454207658768, "_step": 24, "_wandb": {"runtime": 34326}}