{"train loss": 0.00042216619476675987, "valid loss": 0.007163157686591148, "_timestamp": 1712778942.669643, "_runtime": 13836.961112976074, "_step": 24}