{"train loss": 0.022572586312890053, "valid loss": 0.10896217077970505, "_timestamp": 1712269114.1082544, "_runtime": 1146.7871525287628, "_step": 9, "_wandb": {"runtime": 1246}}