{"train loss": 0.002020455664023757, "valid loss": 0.04527777060866356, "_timestamp": 1711747073.3619933, "_runtime": 326.99929428100586, "_step": 24}