{"train loss": 0.00037076245644129813, "valid loss": 0.0034389393404126167, "_timestamp": 1713093765.9255486, "_runtime": 9222.047815561295, "_step": 19}