{"train loss": 0.003590515349060297, "valid loss": 0.07864055037498474, "_timestamp": 1711749340.1336858, "_runtime": 799.2848198413849, "_step": 24}