{"train loss": 0.022461209446191788, "valid loss": 0.09838694334030151, "_timestamp": 1712317366.386288, "_runtime": 2252.930001974106, "_step": 7, "_wandb": {"runtime": 2298}}