{"train loss": 0.056061699986457825, "valid loss": 0.10486060380935669, "_timestamp": 1711782737.9432168, "_runtime": 28537.01773071289, "_step": 499}