{"train loss": 0.042478740215301514, "valid loss": 0.058621227741241455, "_timestamp": 1712661821.7378805, "_runtime": 12666.64479637146, "_step": 22}