{"train loss": 0.03605320304632187, "valid loss": 0.09327872097492218, "_timestamp": 1712423930.2349358, "_runtime": 34276.78442287445, "_step": 4, "_wandb": {"runtime": 34381}}