{"train loss": 0.02466212958097458, "valid loss": 0.10152361541986465, "_timestamp": 1712326798.7707722, "_runtime": 9301.01458621025, "_step": 24, "_wandb": {"runtime": 14120}}