{"train loss": 0.026639848947525024, "valid loss": 0.018760832026600838, "_timestamp": 1712497396.8231652, "_runtime": 362.4950911998749, "_step": 0}