{"train loss": 0.00041532694012857974, "valid loss": 0.004446554463356733, "_timestamp": 1712823497.6870177, "_runtime": 13647.532864570618, "_step": 24}