{"train loss": 0.036848533898591995, "valid loss": 0.09315136075019836, "_timestamp": 1712431978.8748708, "_runtime": 6460.43612074852, "_step": 18, "_wandb": {"runtime": 6758}}