{"train loss": 0.04255429282784462, "valid loss": 0.05471760407090187, "_timestamp": 1712666983.9074266, "_runtime": 4759.884160518646, "_step": 9}