{"train loss": 0.00038176297675818205, "valid loss": 0.0076765031553804874, "_timestamp": 1712710553.8839688, "_runtime": 14086.99381184578, "_step": 24}