{"train loss": 0.0005271556437946856, "valid loss": 0.0025439828168600798, "_timestamp": 1712124132.141407, "_runtime": 28689.038007974625, "_step": 499}