{"train loss": 0.03118249960243702, "valid loss": 0.12234720587730408, "_timestamp": 1712150705.6032345, "_runtime": 1640.4212005138397, "_step": 38}