{"train loss": 0.04252033308148384, "valid loss": 0.0651702880859375, "_timestamp": 1712679589.4443805, "_runtime": 12429.313662528992, "_step": 20}