{"train loss": 0.0006586427334696054, "valid loss": 0.07265780121088028, "_timestamp": 1712513827.9693844, "_runtime": 8764.407460451126, "_step": 24}