{"train loss": 0.000772247789427638, "valid loss": 0.008698295801877975, "_timestamp": 1712174564.0480785, "_runtime": 1316.3622915744781, "_step": 9}