{"train loss": 8.610633813077584e-05, "valid loss": 0.13318796455860138, "_timestamp": 1712158482.8674304, "_runtime": 7430.586945533752, "_step": 499}