{"train loss": 0.039315808564424515, "valid loss": 0.0878724679350853, "_timestamp": 1712435383.6203182, "_runtime": 2706.633832216263, "_step": 7, "_wandb": {"runtime": 2907}}