{"train loss": 0.03791851922869682, "valid loss": 0.08915965259075165, "_timestamp": 1712339896.238454, "_runtime": 8038.621840000153, "_step": 16, "_wandb": {"runtime": 8384}}