{"train loss": 0.025258416309952736, "valid loss": 0.09241616725921631, "_timestamp": 1712207569.6081378, "_runtime": 31219.724720954895, "_step": 132}