{"train loss": 90.58597564697266, "valid loss": 136.61842346191406, "_timestamp": 1712524637.6749117, "_runtime": 5251.620801687241, "_step": 14}