{"train loss": 0.01187376119196415, "valid loss": 0.026824265718460083, "_timestamp": 1712352199.7839599, "_runtime": 11753.164695978165, "_step": 24, "_wandb": {"runtime": 12468}}