{"train loss": 0.0008105706656351686, "valid loss": 0.01083661150187254, "_timestamp": 1712791654.7093527, "_runtime": 12662.642192840576, "_step": 24}