{"train loss": 0.01296969037503004, "valid loss": 0.031047239899635315, "_timestamp": 1712263431.865005, "_runtime": 2975.834095954895, "_step": 25}