{"train loss": 0.0223292987793684, "valid loss": 0.10567032545804977, "_timestamp": 1712307429.251145, "_runtime": 3707.8236949443817, "_step": 16, "_wandb": {"runtime": 3847}}