{"train loss": 0.011817521415650845, "valid loss": 0.036132995039224625, "_timestamp": 1712364943.588255, "_runtime": 11900.31879401207, "_step": 24, "_wandb": {"runtime": 36346}}