{"train loss": 0.005037740338593721, "valid loss": 0.03560774773359299, "_timestamp": 1711751524.958143, "_runtime": 580.2425210475922, "_step": 10}