{"train loss": 0.001929829246364534, "valid loss": 0.014693420380353928, "_timestamp": 1711752255.7810638, "_runtime": 1311.0654418468475, "_step": 24}