{"train loss": 0.03562034294009209, "valid loss": 0.08970453590154648, "_timestamp": 1712504643.5886405, "_runtime": 6614.556515455246, "_step": 18}