{"train loss": 0.02279055118560791, "valid loss": 0.09949123114347458, "_timestamp": 1712265695.820402, "_runtime": 1973.2944300174713, "_step": 16, "_wandb": {"runtime": 1991}}