{"train loss": 0.006793767213821411, "valid loss": 0.10464498400688171, "_timestamp": 1711746658.0172954, "_runtime": 169.01644825935364, "_step": 3}