{"train loss": 0.03428642451763153, "valid loss": 0.0828913077712059, "_timestamp": 1712570339.1593966, "_runtime": 10670.808777570724, "_step": 24}