{"train loss": 0.020314520224928856, "valid loss": 0.04283607006072998, "_timestamp": 1712495045.6521292, "_runtime": 16732.921961069107, "_step": 21}