{"train loss": 0.0004086639964953065, "valid loss": 0.009610163979232311, "_timestamp": 1712837626.312597, "_runtime": 13824.083806037903, "_step": 24}