{"train loss": 0.00036316437763161957, "valid loss": 0.005902236793190241, "_timestamp": 1712873410.9700224, "_runtime": 14754.662199497223, "_step": 24}