{"train loss": 72.20057678222656, "valid loss": 35.487998962402344, "_timestamp": 1712518282.954992, "_runtime": 709.9375939369202, "_step": 1}