{"train loss": 0.03925240784883499, "valid loss": 0.06319916993379593, "_timestamp": 1712614978.1114755, "_runtime": 8684.60866856575, "_step": 16}