{"train loss": 0.0015043752500787377, "valid loss": 0.0077532012946903706, "_timestamp": 1712694271.036721, "_runtime": 14086.95243191719, "_step": 24}