{"train loss": 0.006252207327634096, "valid loss": 0.08879852294921875, "_timestamp": 1711746455.9219582, "_runtime": 210.62465715408325, "_step": 3}